{
    "model": {
        "type": "range_dispatch",
        "property": "custom_model_data",
        "fallback": {
            "type": "model",
            "model": "block/stone"
        },
        "entries": [
            {
                "threshold": 1001,
                "model": {
                    "type": "model",
                    "model": "item/checker_black"
                }
            },
            {
                "threshold": 1002,
                "model": {
                    "type": "model",
                    "model": "item/checker_white"
                }
            },
            {
                "threshold": 1003,
                "model": {
                    "type": "model",
                    "model": "item/checker_black_king"
                }
            },
            {
                "threshold": 1004,
                "model": {
                    "type": "model",
                    "model": "item/checker_white_king"
                }
            }
        ]
    }
}