{
	"credit": "Made with Blockbench",
	"texture_size": [32, 32],
	"textures": {
		"0": "item/checker_black",
		"particle": "item/checker_black"
	},
	"elements": [
		{
			"from": [4, 0, 4],
			"to": [12, 2, 12],
			"rotation": {"angle": 0, "axis": "y", "origin": [10, 0, 8]},
			"faces": {
				"north": {"uv": [4, 0, 8, 1], "texture": "#0"},
				"east": {"uv": [4, 1, 8, 2], "texture": "#0"},
				"south": {"uv": [4, 2, 8, 3], "texture": "#0"},
				"west": {"uv": [4, 3, 8, 4], "texture": "#0"},
				"up": {"uv": [4, 4, 0, 0], "texture": "#0"},
				"down": {"uv": [4, 4, 0, 8], "texture": "#0"}
			}
		},
		{
			"from": [4, 2, 4],
			"to": [5, 4, 12],
			"rotation": {"angle": 0, "axis": "y", "origin": [4, 2, 4]},
			"faces": {
				"north": {"uv": [11, 4, 11.5, 5], "texture": "#0"},
				"east": {"uv": [4, 4, 8, 5], "texture": "#0"},
				"south": {"uv": [11, 5, 11.5, 6], "texture": "#0"},
				"west": {"uv": [4, 5, 8, 6], "texture": "#0"},
				"up": {"uv": [6.5, 12, 6, 8], "texture": "#0"},
				"down": {"uv": [8.5, 6, 8, 10], "texture": "#0"}
			}
		},
		{
			"from": [11, 2, 4],
			"to": [12, 4, 12],
			"rotation": {"angle": 0, "axis": "y", "origin": [11, 2, 4]},
			"faces": {
				"north": {"uv": [7.5, 11, 8, 12], "texture": "#0"},
				"east": {"uv": [4, 6, 8, 7], "texture": "#0"},
				"south": {"uv": [8, 11, 8.5, 12], "texture": "#0"},
				"west": {"uv": [4, 7, 8, 8], "texture": "#0"},
				"up": {"uv": [7, 12, 6.5, 8], "texture": "#0"},
				"down": {"uv": [7.5, 8, 7, 12], "texture": "#0"}
			}
		},
		{
			"from": [10, 2, 6],
			"to": [11, 3.75, 10],
			"rotation": {"angle": 0, "axis": "y", "origin": [10, 2, 4]},
			"faces": {
				"north": {"uv": [11, 8, 11.5, 9], "texture": "#0"},
				"east": {"uv": [8.5, 6, 10.5, 7], "texture": "#0"},
				"south": {"uv": [8.5, 11, 9, 12], "texture": "#0"},
				"west": {"uv": [8.5, 7, 10.5, 8], "texture": "#0"},
				"up": {"uv": [8, 10, 7.5, 8], "texture": "#0"},
				"down": {"uv": [5.5, 10, 5, 12], "texture": "#0"}
			}
		},
		{
			"from": [9, 2, 6],
			"to": [10, 3.5, 10],
			"rotation": {"angle": 0, "axis": "y", "origin": [9, 2, 4]},
			"faces": {
				"north": {"uv": [9, 11, 9.5, 12], "texture": "#0"},
				"east": {"uv": [8.5, 8, 10.5, 9], "texture": "#0"},
				"south": {"uv": [11, 9, 11.5, 10], "texture": "#0"},
				"west": {"uv": [0, 9, 2, 10], "texture": "#0"},
				"up": {"uv": [6, 12, 5.5, 10], "texture": "#0"},
				"down": {"uv": [11, 8, 10.5, 10], "texture": "#0"}
			}
		},
		{
			"from": [6, 2, 6],
			"to": [7, 3.5, 10],
			"rotation": {"angle": 0, "axis": "y", "origin": [6, 2, 4]},
			"faces": {
				"north": {"uv": [9.5, 11, 10, 12], "texture": "#0"},
				"east": {"uv": [2, 9, 4, 10], "texture": "#0"},
				"south": {"uv": [10, 11, 10.5, 12], "texture": "#0"},
				"west": {"uv": [4, 9, 6, 10], "texture": "#0"},
				"up": {"uv": [11, 12, 10.5, 10], "texture": "#0"},
				"down": {"uv": [0.5, 11, 0, 13], "texture": "#0"}
			}
		},
		{
			"from": [5, 2, 6],
			"to": [6, 3.75, 10],
			"rotation": {"angle": 0, "axis": "y", "origin": [5, 2, 4]},
			"faces": {
				"north": {"uv": [11, 10, 11.5, 11], "texture": "#0"},
				"east": {"uv": [8.5, 9, 10.5, 10], "texture": "#0"},
				"south": {"uv": [11, 11, 11.5, 12], "texture": "#0"},
				"west": {"uv": [0, 10, 2, 11], "texture": "#0"},
				"up": {"uv": [11.5, 2, 11, 0], "texture": "#0"},
				"down": {"uv": [1, 11, 0.5, 13], "texture": "#0"}
			}
		},
		{
			"from": [5, 2, 4],
			"to": [11, 4, 5],
			"rotation": {"angle": 0, "axis": "y", "origin": [5, 2, 4]},
			"faces": {
				"north": {"uv": [0, 8, 3, 9], "texture": "#0"},
				"east": {"uv": [11.5, 0, 12, 1], "texture": "#0"},
				"south": {"uv": [8, 0, 11, 1], "texture": "#0"},
				"west": {"uv": [11.5, 1, 12, 2], "texture": "#0"},
				"up": {"uv": [5, 10.5, 2, 10], "texture": "#0"},
				"down": {"uv": [10.5, 10, 7.5, 10.5], "texture": "#0"}
			}
		},
		{
			"from": [5, 2, 11],
			"to": [11, 4, 12],
			"rotation": {"angle": 0, "axis": "y", "origin": [5, 2, 11]},
			"faces": {
				"north": {"uv": [8, 1, 11, 2], "texture": "#0"},
				"east": {"uv": [11.5, 4, 12, 5], "texture": "#0"},
				"south": {"uv": [8, 2, 11, 3], "texture": "#0"},
				"west": {"uv": [11.5, 5, 12, 6], "texture": "#0"},
				"up": {"uv": [5, 11, 2, 10.5], "texture": "#0"},
				"down": {"uv": [13.5, 6, 10.5, 6.5], "texture": "#0"}
			}
		},
		{
			"from": [5, 2, 5],
			"to": [11, 3.75, 6],
			"rotation": {"angle": 0, "axis": "y", "origin": [5, 2, 5]},
			"faces": {
				"north": {"uv": [3, 8, 6, 9], "texture": "#0"},
				"east": {"uv": [11.5, 8, 12, 9], "texture": "#0"},
				"south": {"uv": [8, 3, 11, 4], "texture": "#0"},
				"west": {"uv": [11.5, 9, 12, 10], "texture": "#0"},
				"up": {"uv": [13.5, 7, 10.5, 6.5], "texture": "#0"},
				"down": {"uv": [13.5, 7, 10.5, 7.5], "texture": "#0"}
			}
		},
		{
			"from": [5, 2, 10],
			"to": [11, 3.75, 11],
			"rotation": {"angle": 0, "axis": "y", "origin": [5, 2, 10]},
			"faces": {
				"north": {"uv": [8, 4, 11, 5], "texture": "#0"},
				"east": {"uv": [11.5, 10, 12, 11], "texture": "#0"},
				"south": {"uv": [8, 5, 11, 6], "texture": "#0"},
				"west": {"uv": [11.5, 11, 12, 12], "texture": "#0"},
				"up": {"uv": [10.5, 11, 7.5, 10.5], "texture": "#0"},
				"down": {"uv": [13.5, 7.5, 10.5, 8], "texture": "#0"}
			}
		},
		{
			"from": [7, 2, 9],
			"to": [9, 3.5, 10],
			"rotation": {"angle": 0, "axis": "y", "origin": [5, 2, 9]},
			"faces": {
				"north": {"uv": [1, 11, 2, 12], "texture": "#0"},
				"east": {"uv": [12, 0, 12.5, 1], "texture": "#0"},
				"south": {"uv": [2, 11, 3, 12], "texture": "#0"},
				"west": {"uv": [1, 12, 1.5, 13], "texture": "#0"},
				"up": {"uv": [13, 1.5, 12, 1], "texture": "#0"},
				"down": {"uv": [2.5, 12, 1.5, 12.5], "texture": "#0"}
			}
		},
		{
			"from": [7, 2, 6],
			"to": [9, 3.5, 7],
			"rotation": {"angle": 0, "axis": "y", "origin": [5, 2, 6]},
			"faces": {
				"north": {"uv": [11, 2, 12, 3], "texture": "#0"},
				"east": {"uv": [12, 1.5, 12.5, 2.5], "texture": "#0"},
				"south": {"uv": [3, 11, 4, 12], "texture": "#0"},
				"west": {"uv": [2.5, 12, 3, 13], "texture": "#0"},
				"up": {"uv": [13, 3, 12, 2.5], "texture": "#0"},
				"down": {"uv": [4, 12, 3, 12.5], "texture": "#0"}
			}
		},
		{
			"from": [7, 2, 7],
			"to": [9, 3, 9],
			"rotation": {"angle": 0, "axis": "y", "origin": [7, 2, 7]},
			"faces": {
				"north": {"uv": [12, 3, 13, 3.5], "texture": "#0"},
				"east": {"uv": [12, 3.5, 13, 4], "texture": "#0"},
				"south": {"uv": [4, 12, 5, 12.5], "texture": "#0"},
				"west": {"uv": [12, 4, 13, 4.5], "texture": "#0"},
				"up": {"uv": [12, 4, 11, 3], "texture": "#0"},
				"down": {"uv": [5, 11, 4, 12], "texture": "#0"}
			}
		}
	],
	"display": {
		"thirdperson_righthand": {
			"rotation": [75, 0, -10],
			"translation": [-9, -6, -3]
		}
	},
	"groups": [
		{
			"name": "group",
			"origin": [7, 0, 8],
			"color": 0,
			"children": [0, 1, 2, 3, 4, 5, 6, 7, 8, 9, 10, 11, 12, 13]
		}
	]
}