{
	"credit": "Made with Blockbench",
	"textures": {
		"1": "item/checker_black_king",
		"2": "item/checker_black_king_crown",
		"particle": "checker_black_king"
	},
	"elements": [
		{
			"from": [4, 0, 4],
			"to": [12, 2, 12],
			"rotation": {"angle": 0, "axis": "y", "origin": [10, 0, 8]},
			"faces": {
				"north": {"uv": [4, 0, 8, 1], "texture": "#1"},
				"east": {"uv": [4, 1, 8, 2], "texture": "#1"},
				"south": {"uv": [4, 2, 8, 3], "texture": "#1"},
				"west": {"uv": [4, 3, 8, 4], "texture": "#1"},
				"up": {"uv": [4, 4, 0, 0], "texture": "#1"},
				"down": {"uv": [4, 4, 0, 8], "texture": "#1"}
			}
		},
		{
			"from": [4, 2, 4],
			"to": [5, 4, 12],
			"rotation": {"angle": 0, "axis": "y", "origin": [4, 2, 4]},
			"faces": {
				"north": {"uv": [11, 4, 11.5, 5], "texture": "#1"},
				"east": {"uv": [4, 4, 8, 5], "texture": "#1"},
				"south": {"uv": [11, 5, 11.5, 6], "texture": "#1"},
				"west": {"uv": [4, 5, 8, 6], "texture": "#1"},
				"up": {"uv": [6.5, 12, 6, 8], "texture": "#1"},
				"down": {"uv": [8.5, 6, 8, 10], "texture": "#1"}
			}
		},
		{
			"from": [11, 2, 4],
			"to": [12, 4, 12],
			"rotation": {"angle": 0, "axis": "y", "origin": [11, 2, 4]},
			"faces": {
				"north": {"uv": [7.5, 11, 8, 12], "texture": "#1"},
				"east": {"uv": [4, 6, 8, 7], "texture": "#1"},
				"south": {"uv": [8, 11, 8.5, 12], "texture": "#1"},
				"west": {"uv": [4, 7, 8, 8], "texture": "#1"},
				"up": {"uv": [7, 12, 6.5, 8], "texture": "#1"},
				"down": {"uv": [7.5, 8, 7, 12], "texture": "#1"}
			}
		},
		{
			"from": [10, 2, 6],
			"to": [11, 3.75, 10],
			"rotation": {"angle": 0, "axis": "y", "origin": [10, 2, 4]},
			"faces": {
				"north": {"uv": [11, 8, 11.5, 9], "texture": "#1"},
				"east": {"uv": [8.5, 6, 10.5, 7], "texture": "#1"},
				"south": {"uv": [8.5, 11, 9, 12], "texture": "#1"},
				"west": {"uv": [8.5, 7, 10.5, 8], "texture": "#1"},
				"up": {"uv": [8, 10, 7.5, 8], "texture": "#1"},
				"down": {"uv": [5.5, 10, 5, 12], "texture": "#1"}
			}
		},
		{
			"from": [9, 2, 6],
			"to": [10, 3.5, 10],
			"rotation": {"angle": 0, "axis": "y", "origin": [9, 2, 4]},
			"faces": {
				"north": {"uv": [12, 0, 12.5, 0.75], "texture": "#1"},
				"east": {"uv": [2, 9, 4, 9.75], "texture": "#1"},
				"south": {"uv": [1, 12, 1.5, 12.75], "texture": "#1"},
				"west": {"uv": [4, 9, 6, 9.75], "texture": "#1"},
				"up": {"uv": [6, 12, 5.5, 10], "texture": "#1"},
				"down": {"uv": [11, 8, 10.5, 10], "texture": "#1"}
			}
		},
		{
			"from": [6, 2, 6],
			"to": [7, 3.5, 10],
			"rotation": {"angle": 0, "axis": "y", "origin": [6, 2, 4]},
			"faces": {
				"north": {"uv": [12, 1, 12.5, 1.75], "texture": "#1"},
				"east": {"uv": [8.5, 9, 10.5, 9.75], "texture": "#1"},
				"south": {"uv": [1.5, 12, 2, 12.75], "texture": "#1"},
				"west": {"uv": [0, 10, 2, 10.75], "texture": "#1"},
				"up": {"uv": [11, 12, 10.5, 10], "texture": "#1"},
				"down": {"uv": [0.5, 11, 0, 13], "texture": "#1"}
			}
		},
		{
			"from": [5, 2, 6],
			"to": [6, 3.75, 10],
			"rotation": {"angle": 0, "axis": "y", "origin": [5, 2, 4]},
			"faces": {
				"north": {"uv": [9, 11, 9.5, 12], "texture": "#1"},
				"east": {"uv": [8.5, 8, 10.5, 9], "texture": "#1"},
				"south": {"uv": [11, 9, 11.5, 10], "texture": "#1"},
				"west": {"uv": [0, 9, 2, 10], "texture": "#1"},
				"up": {"uv": [11.5, 2, 11, 0], "texture": "#1"},
				"down": {"uv": [1, 11, 0.5, 13], "texture": "#1"}
			}
		},
		{
			"from": [5, 2, 4],
			"to": [11, 4, 5],
			"rotation": {"angle": 0, "axis": "y", "origin": [5, 2, 4]},
			"faces": {
				"north": {"uv": [0, 8, 3, 9], "texture": "#1"},
				"east": {"uv": [9.5, 11, 10, 12], "texture": "#1"},
				"south": {"uv": [8, 0, 11, 1], "texture": "#1"},
				"west": {"uv": [10, 11, 10.5, 12], "texture": "#1"},
				"up": {"uv": [5, 10.5, 2, 10], "texture": "#1"},
				"down": {"uv": [10.5, 10, 7.5, 10.5], "texture": "#1"}
			}
		},
		{
			"from": [5, 2, 11],
			"to": [11, 4, 12],
			"rotation": {"angle": 0, "axis": "y", "origin": [5, 2, 11]},
			"faces": {
				"north": {"uv": [8, 1, 11, 2], "texture": "#1"},
				"east": {"uv": [11, 10, 11.5, 11], "texture": "#1"},
				"south": {"uv": [8, 2, 11, 3], "texture": "#1"},
				"west": {"uv": [11, 11, 11.5, 12], "texture": "#1"},
				"up": {"uv": [5, 11, 2, 10.5], "texture": "#1"},
				"down": {"uv": [13.5, 6, 10.5, 6.5], "texture": "#1"}
			}
		},
		{
			"from": [5, 2, 5],
			"to": [11, 3.75, 6],
			"rotation": {"angle": 0, "axis": "y", "origin": [5, 2, 5]},
			"faces": {
				"north": {"uv": [3, 8, 6, 9], "texture": "#1"},
				"east": {"uv": [11.5, 0, 12, 1], "texture": "#1"},
				"south": {"uv": [8, 3, 11, 4], "texture": "#1"},
				"west": {"uv": [11.5, 1, 12, 2], "texture": "#1"},
				"up": {"uv": [13.5, 7, 10.5, 6.5], "texture": "#1"},
				"down": {"uv": [13.5, 7, 10.5, 7.5], "texture": "#1"}
			}
		},
		{
			"from": [5, 2, 10],
			"to": [11, 3.75, 11],
			"rotation": {"angle": 0, "axis": "y", "origin": [5, 2, 10]},
			"faces": {
				"north": {"uv": [8, 4, 11, 5], "texture": "#1"},
				"east": {"uv": [11.5, 4, 12, 5], "texture": "#1"},
				"south": {"uv": [8, 5, 11, 6], "texture": "#1"},
				"west": {"uv": [11.5, 5, 12, 6], "texture": "#1"},
				"up": {"uv": [10.5, 11, 7.5, 10.5], "texture": "#1"},
				"down": {"uv": [13.5, 7.5, 10.5, 8], "texture": "#1"}
			}
		},
		{
			"from": [7, 2, 9],
			"to": [9, 3.5, 10],
			"rotation": {"angle": 0, "axis": "y", "origin": [5, 2, 9]},
			"faces": {
				"north": {"uv": [11, 2, 12, 2.75], "texture": "#1"},
				"east": {"uv": [2, 12, 2.5, 12.75], "texture": "#1"},
				"south": {"uv": [3, 11, 4, 11.75], "texture": "#1"},
				"west": {"uv": [12, 2, 12.5, 2.75], "texture": "#1"},
				"up": {"uv": [12.5, 8.5, 11.5, 8], "texture": "#1"},
				"down": {"uv": [12.5, 8.5, 11.5, 9], "texture": "#1"}
			}
		},
		{
			"from": [7, 2, 6],
			"to": [9, 3.5, 7],
			"rotation": {"angle": 0, "axis": "y", "origin": [5, 2, 6]},
			"faces": {
				"north": {"uv": [11, 3, 12, 3.75], "texture": "#1"},
				"east": {"uv": [2.5, 12, 3, 12.75], "texture": "#1"},
				"south": {"uv": [4, 11, 5, 11.75], "texture": "#1"},
				"west": {"uv": [3, 12, 3.5, 12.75], "texture": "#1"},
				"up": {"uv": [12.5, 9.5, 11.5, 9], "texture": "#1"},
				"down": {"uv": [12.5, 9.5, 11.5, 10], "texture": "#1"}
			}
		},
		{
			"from": [7, 2, 7],
			"to": [9, 3, 9],
			"rotation": {"angle": 0, "axis": "y", "origin": [7, 2, 7]},
			"faces": {
				"north": {"uv": [11.5, 10, 12.5, 10.5], "texture": "#1"},
				"east": {"uv": [11.5, 10.5, 12.5, 11], "texture": "#1"},
				"south": {"uv": [11.5, 11, 12.5, 11.5], "texture": "#1"},
				"west": {"uv": [11.5, 11.5, 12.5, 12], "texture": "#1"},
				"up": {"uv": [2, 12, 1, 11], "texture": "#1"},
				"down": {"uv": [3, 11, 2, 12], "texture": "#1"}
			}
		},
		{
			"from": [10, 7, 5],
			"to": [11, 8, 6],
			"rotation": {"angle": 0, "axis": "y", "origin": [10, 7, 5]},
			"faces": {
				"north": {"uv": [4, 10, 5, 11], "texture": "#2"},
				"east": {"uv": [10, 4, 11, 5], "texture": "#2"},
				"south": {"uv": [5, 10, 6, 11], "texture": "#2"},
				"west": {"uv": [10, 5, 11, 6], "texture": "#2"},
				"up": {"uv": [7, 11, 6, 10], "texture": "#2"},
				"down": {"uv": [11, 6, 10, 7], "texture": "#2"}
			}
		},
		{
			"from": [7, 7, 10],
			"to": [9, 8, 11],
			"rotation": {"angle": 0, "axis": "y", "origin": [8, 7, 10]},
			"faces": {
				"north": {"uv": [0, 8, 2, 9], "texture": "#2"},
				"east": {"uv": [7, 10, 8, 11], "texture": "#2"},
				"south": {"uv": [4, 8, 6, 9], "texture": "#2"},
				"west": {"uv": [10, 7, 11, 8], "texture": "#2"},
				"up": {"uv": [10, 5, 8, 4], "texture": "#2"},
				"down": {"uv": [10, 5, 8, 6], "texture": "#2"}
			}
		},
		{
			"from": [4.75, 7, 8],
			"to": [5, 7.75, 8.75],
			"rotation": {"angle": 45, "axis": "x", "origin": [5.75, 7, 8]},
			"faces": {
				"north": {"uv": [8, 12, 8.5, 13], "texture": "#2"},
				"east": {"uv": [8, 10, 9, 11], "texture": "#2"},
				"south": {"uv": [12, 8, 12.5, 9], "texture": "#2"},
				"west": {"uv": [10, 8, 11, 9], "texture": "#2"},
				"up": {"uv": [9.5, 13, 9, 12], "texture": "#2"},
				"down": {"uv": [12.5, 9, 12, 10], "texture": "#2"}
			}
		},
		{
			"from": [5, 6, 5],
			"to": [6, 7, 11],
			"rotation": {"angle": 0, "axis": "y", "origin": [5, 6, 5]},
			"faces": {
				"north": {"uv": [9, 10, 10, 11], "texture": "#2"},
				"east": {"uv": [0, 0, 6, 1], "texture": "#2"},
				"south": {"uv": [10, 9, 11, 10], "texture": "#2"},
				"west": {"uv": [0, 1, 6, 2], "texture": "#2"},
				"up": {"uv": [1, 8, 0, 2], "texture": "#2"},
				"down": {"uv": [2, 2, 1, 8], "texture": "#2"}
			}
		},
		{
			"from": [5, 7, 10],
			"to": [6, 8, 11],
			"rotation": {"angle": 0, "axis": "y", "origin": [5, 7, 10]},
			"faces": {
				"north": {"uv": [10, 10, 11, 11], "texture": "#2"},
				"east": {"uv": [0, 11, 1, 12], "texture": "#2"},
				"south": {"uv": [1, 11, 2, 12], "texture": "#2"},
				"west": {"uv": [2, 11, 3, 12], "texture": "#2"},
				"up": {"uv": [4, 12, 3, 11], "texture": "#2"},
				"down": {"uv": [5, 11, 4, 12], "texture": "#2"}
			}
		},
		{
			"from": [10, 7, 7],
			"to": [11, 8, 9],
			"rotation": {"angle": 0, "axis": "y", "origin": [10, 7, 7]},
			"faces": {
				"north": {"uv": [11, 4, 12, 5], "texture": "#2"},
				"east": {"uv": [6, 8, 8, 9], "texture": "#2"},
				"south": {"uv": [5, 11, 6, 12], "texture": "#2"},
				"west": {"uv": [8, 6, 10, 7], "texture": "#2"},
				"up": {"uv": [9, 9, 8, 7], "texture": "#2"},
				"down": {"uv": [1, 9, 0, 11], "texture": "#2"}
			}
		},
		{
			"from": [10, 7, 10],
			"to": [11, 8, 11],
			"rotation": {"angle": 0, "axis": "y", "origin": [10, 7, 10]},
			"faces": {
				"north": {"uv": [11, 5, 12, 6], "texture": "#2"},
				"east": {"uv": [6, 11, 7, 12], "texture": "#2"},
				"south": {"uv": [11, 6, 12, 7], "texture": "#2"},
				"west": {"uv": [7, 11, 8, 12], "texture": "#2"},
				"up": {"uv": [12, 8, 11, 7], "texture": "#2"},
				"down": {"uv": [9, 11, 8, 12], "texture": "#2"}
			}
		},
		{
			"from": [10, 6, 5],
			"to": [11, 7, 11],
			"rotation": {"angle": 0, "axis": "y", "origin": [10, 6, 5]},
			"faces": {
				"north": {"uv": [11, 8, 12, 9], "texture": "#2"},
				"east": {"uv": [2, 2, 8, 3], "texture": "#2"},
				"south": {"uv": [9, 11, 10, 12], "texture": "#2"},
				"west": {"uv": [2, 3, 8, 4], "texture": "#2"},
				"up": {"uv": [3, 10, 2, 4], "texture": "#2"},
				"down": {"uv": [4, 4, 3, 10], "texture": "#2"}
			}
		},
		{
			"from": [6, 6, 5],
			"to": [10, 7, 6],
			"rotation": {"angle": 0, "axis": "y", "origin": [6, 6, 5]},
			"faces": {
				"north": {"uv": [4, 4, 8, 5], "texture": "#2"},
				"east": {"uv": [11, 9, 12, 10], "texture": "#2"},
				"south": {"uv": [4, 5, 8, 6], "texture": "#2"},
				"west": {"uv": [10, 11, 11, 12], "texture": "#2"},
				"up": {"uv": [10, 1, 6, 0], "texture": "#2"},
				"down": {"uv": [10, 1, 6, 2], "texture": "#2"}
			}
		},
		{
			"from": [6, 6, 10],
			"to": [10, 7, 11],
			"rotation": {"angle": 0, "axis": "y", "origin": [6, 6, 10]},
			"faces": {
				"north": {"uv": [4, 6, 8, 7], "texture": "#2"},
				"east": {"uv": [11, 10, 12, 11], "texture": "#2"},
				"south": {"uv": [4, 7, 8, 8], "texture": "#2"},
				"west": {"uv": [11, 11, 12, 12], "texture": "#2"},
				"up": {"uv": [12, 3, 8, 2], "texture": "#2"},
				"down": {"uv": [12, 3, 8, 4], "texture": "#2"}
			}
		},
		{
			"from": [5, 7, 5],
			"to": [6, 8, 6],
			"rotation": {"angle": 0, "axis": "y", "origin": [5, 7, 5]},
			"faces": {
				"north": {"uv": [0, 12, 1, 13], "texture": "#2"},
				"east": {"uv": [12, 0, 13, 1], "texture": "#2"},
				"south": {"uv": [1, 12, 2, 13], "texture": "#2"},
				"west": {"uv": [12, 1, 13, 2], "texture": "#2"},
				"up": {"uv": [3, 13, 2, 12], "texture": "#2"},
				"down": {"uv": [13, 2, 12, 3], "texture": "#2"}
			}
		},
		{
			"from": [5, 7, 7],
			"to": [6, 8, 9],
			"rotation": {"angle": 0, "axis": "y", "origin": [5, 7, 7]},
			"faces": {
				"north": {"uv": [3, 12, 4, 13], "texture": "#2"},
				"east": {"uv": [4, 9, 6, 10], "texture": "#2"},
				"south": {"uv": [12, 3, 13, 4], "texture": "#2"},
				"west": {"uv": [6, 9, 8, 10], "texture": "#2"},
				"up": {"uv": [2, 11, 1, 9], "texture": "#2"},
				"down": {"uv": [10, 7, 9, 9], "texture": "#2"}
			}
		},
		{
			"from": [7, 7, 5],
			"to": [9, 8, 6],
			"rotation": {"angle": 0, "axis": "y", "origin": [8, 7, 5]},
			"faces": {
				"north": {"uv": [8, 9, 10, 10], "texture": "#2"},
				"east": {"uv": [4, 12, 5, 13], "texture": "#2"},
				"south": {"uv": [10, 0, 12, 1], "texture": "#2"},
				"west": {"uv": [12, 4, 13, 5], "texture": "#2"},
				"up": {"uv": [12, 2, 10, 1], "texture": "#2"},
				"down": {"uv": [4, 10, 2, 11], "texture": "#2"}
			}
		},
		{
			"from": [8, 7, 4.75],
			"to": [8.75, 7.75, 5],
			"rotation": {"angle": 45, "axis": "z", "origin": [8, 7, 4]},
			"faces": {
				"north": {"uv": [5, 12, 6, 13], "texture": "#2"},
				"east": {"uv": [10, 12, 10.5, 13], "texture": "#2"},
				"south": {"uv": [12, 5, 13, 6], "texture": "#2"},
				"west": {"uv": [12, 10, 12.5, 11], "texture": "#2"},
				"up": {"uv": [12, 12.5, 11, 12], "texture": "#2"},
				"down": {"uv": [13, 11, 12, 11.5], "texture": "#2"}
			}
		},
		{
			"from": [8, 7, 11],
			"to": [8.75, 7.75, 11.25],
			"rotation": {"angle": 45, "axis": "z", "origin": [8, 7, 10.25]},
			"faces": {
				"north": {"uv": [6, 12, 7, 13], "texture": "#2"},
				"east": {"uv": [12, 12, 12.5, 13], "texture": "#2"},
				"south": {"uv": [12, 6, 13, 7], "texture": "#2"},
				"west": {"uv": [0, 13, 0.5, 14], "texture": "#2"},
				"up": {"uv": [14, 0.5, 13, 0], "texture": "#2"},
				"down": {"uv": [2, 13, 1, 13.5], "texture": "#2"}
			}
		},
		{
			"from": [11, 7, 7.25],
			"to": [11.25, 7.75, 8],
			"rotation": {"angle": 45, "axis": "x", "origin": [10.25, 7, 8]},
			"faces": {
				"north": {"uv": [13, 1, 13.5, 2], "texture": "#2"},
				"east": {"uv": [7, 12, 8, 13], "texture": "#2"},
				"south": {"uv": [2, 13, 2.5, 14], "texture": "#2"},
				"west": {"uv": [12, 7, 13, 8], "texture": "#2"},
				"up": {"uv": [13.5, 3, 13, 2], "texture": "#2"},
				"down": {"uv": [3.5, 13, 3, 14], "texture": "#2"}
			}
		}
	],
	"display": {
		"thirdperson_righthand": {
			"rotation": [75, 0, -10],
			"translation": [-9, -6, -3]
		}
	},
	"groups": [
		{
			"name": "group",
			"origin": [7, 0, 8],
			"color": 0,
			"children": [0, 1, 2, 3, 4, 5, 6, 7, 8, 9, 10, 11, 12, 13]
		},
		{
			"name": "group",
			"origin": [8, 8, 8],
			"color": 0,
			"children": [14, 15, 16, 17, 18, 19, 20, 21, 22, 23, 24, 25, 26, 27, 28, 29]
		}
	]
}