{
  "parent": "item/generated",
  "textures": {
    "layer0": "item/paper"
  },
  "overrides": [
    {
      "predicate": {
        "custom_model_data": 1
      },
      "model": "item/checker_black"
    },
    {
      "predicate": {
        "custom_model_data": 2
      },
      "model": "item/checker_white"
    },
    {
      "predicate": {
        "custom_model_data": 3
      },
      "model": "item/checker_black_king"
    },
    {
      "predicate": {
        "custom_model_data": 4
      },
      "model": "item/checker_white_king"
    }
  ]
}